,Status of existing checking account,Duration,Credit history,Purpose,Credit amount,Savings account/bonds,Present employment since,Installment rate in percentage of disposable income,Personal status and sex,Other debtors / guarantors,Present residence since,Property,Age,Other installment plans,Housing,Number of existing credits at this bank,Job,Number of people being liable to provide maintenance for,Telephone,foreign worker
9,A12,30,A34,A40,5234,A61,A71,4,A94,A101,2,A123,28,A143,A152,2,A174,1,A191,A201
11,A11,48,A32,A49,4308,A61,A72,3,A92,A101,4,A122,24,A143,A151,1,A173,1,A191,A201
19,A14,24,A32,A43,3430,A63,A75,3,A93,A101,2,A123,31,A143,A152,1,A173,2,A192,A201
23,A12,12,A34,A41,1804,A62,A72,3,A93,A101,4,A122,44,A143,A152,1,A173,1,A191,A201
28,A12,7,A32,A43,2415,A61,A73,3,A93,A103,2,A121,34,A143,A152,1,A173,1,A191,A201
32,A12,18,A32,A40,5866,A62,A73,2,A93,A101,2,A123,30,A143,A152,2,A173,1,A192,A201
36,A14,48,A34,A46,6110,A61,A73,1,A93,A101,3,A124,31,A141,A153,1,A173,1,A192,A201
41,A12,12,A32,A43,1158,A63,A73,3,A91,A101,1,A123,26,A143,A152,1,A173,1,A192,A201
42,A12,18,A33,A45,6204,A61,A73,2,A93,A101,4,A121,44,A143,A152,1,A172,2,A192,A201
43,A11,30,A34,A41,6187,A62,A74,1,A94,A101,4,A123,24,A143,A151,2,A173,1,A191,A201
47,A11,6,A32,A41,1352,A63,A71,1,A92,A101,2,A122,23,A143,A151,1,A171,1,A192,A201
53,A14,18,A32,A41,3378,A65,A73,2,A93,A101,1,A122,31,A143,A152,1,A173,1,A192,A201
57,A14,36,A34,A43,9566,A61,A73,2,A92,A101,2,A123,31,A142,A152,2,A173,1,A191,A201
58,A13,18,A32,A40,1961,A61,A75,3,A92,A101,2,A123,23,A143,A152,1,A174,1,A191,A201
70,A14,36,A32,A41,8133,A61,A73,1,A92,A101,2,A122,30,A141,A152,1,A173,1,A191,A201
72,A11,8,A34,A410,1164,A61,A75,3,A93,A101,4,A124,51,A141,A153,2,A174,2,A192,A201
80,A14,24,A32,A43,5943,A65,A72,1,A92,A101,1,A123,44,A143,A152,2,A173,1,A192,A201
82,A14,18,A32,A49,1568,A62,A73,3,A92,A101,4,A122,24,A143,A151,1,A172,1,A191,A201
84,A11,10,A32,A43,2315,A61,A75,3,A93,A101,4,A121,52,A143,A152,1,A172,1,A191,A201
86,A12,18,A34,A42,1295,A61,A72,4,A92,A101,1,A122,27,A143,A152,2,A173,1,A191,A201
87,A12,36,A32,A46,12612,A62,A73,1,A93,A101,4,A124,47,A143,A153,1,A173,2,A192,A201
91,A11,12,A34,A41,1409,A61,A75,4,A93,A101,3,A121,54,A143,A152,1,A173,1,A191,A201
94,A12,12,A32,A40,1318,A64,A75,4,A93,A101,4,A121,54,A143,A152,1,A173,1,A192,A201
95,A12,54,A30,A49,15945,A61,A72,3,A93,A101,4,A124,58,A143,A151,1,A173,1,A192,A201
98,A12,36,A34,A43,2337,A61,A75,4,A93,A101,4,A121,36,A143,A152,1,A173,1,A191,A201
99,A12,20,A33,A41,7057,A65,A74,3,A93,A101,4,A122,36,A141,A151,2,A174,2,A192,A201
115,A14,48,A34,A43,3578,A65,A75,4,A93,A101,1,A121,47,A143,A152,1,A173,1,A192,A201
119,A12,12,A34,A40,2366,A63,A74,3,A91,A101,3,A123,36,A143,A152,1,A174,1,A192,A201
123,A13,10,A34,A40,781,A61,A75,4,A93,A101,4,A124,63,A143,A153,2,A173,1,A192,A201
128,A12,12,A34,A41,1860,A61,A71,4,A93,A101,2,A123,34,A143,A152,2,A174,1,A192,A201
130,A12,48,A32,A40,8487,A65,A74,1,A92,A101,2,A123,24,A143,A152,1,A173,1,A191,A201
131,A11,36,A33,A46,6887,A61,A73,4,A93,A101,3,A122,29,A142,A152,1,A173,1,A192,A201
139,A13,12,A32,A43,1881,A61,A73,2,A92,A101,2,A123,44,A143,A151,1,A172,1,A192,A201
143,A11,18,A32,A42,2462,A61,A73,2,A93,A101,2,A123,22,A143,A152,1,A173,1,A191,A201
147,A14,12,A34,A40,682,A62,A74,4,A92,A101,3,A123,51,A143,A152,2,A173,1,A192,A201
148,A11,36,A34,A42,5371,A61,A73,3,A93,A103,2,A122,28,A143,A152,2,A173,1,A191,A201
151,A14,10,A32,A43,1924,A61,A73,1,A93,A101,4,A122,38,A143,A152,1,A173,1,A192,A202
152,A13,36,A32,A43,5848,A61,A73,4,A93,A101,1,A123,24,A143,A152,1,A173,1,A191,A201
169,A12,24,A34,A49,1935,A61,A75,4,A91,A101,4,A121,31,A143,A152,2,A173,1,A192,A201
174,A11,21,A33,A46,3414,A61,A72,2,A93,A101,1,A122,26,A143,A152,2,A173,1,A191,A201
177,A11,6,A34,A43,338,A63,A75,4,A93,A101,4,A123,52,A143,A152,2,A173,1,A191,A201
180,A14,36,A33,A49,9572,A61,A72,1,A91,A101,1,A123,28,A143,A152,2,A173,1,A191,A201
182,A11,21,A31,A40,1647,A65,A73,4,A93,A101,2,A122,40,A143,A152,2,A172,2,A191,A201
183,A14,24,A34,A42,3777,A64,A73,4,A93,A101,4,A121,50,A143,A152,1,A173,1,A192,A201
184,A12,18,A34,A40,884,A61,A75,4,A93,A101,4,A123,36,A141,A152,1,A173,2,A192,A201
192,A12,27,A32,A49,3915,A61,A73,4,A93,A101,2,A123,36,A143,A152,1,A173,2,A192,A201
197,A12,12,A32,A42,951,A62,A72,4,A92,A101,4,A123,27,A141,A151,4,A173,1,A191,A201
201,A11,12,A32,A40,1168,A61,A73,4,A94,A101,3,A121,27,A143,A152,1,A172,1,A191,A201
203,A11,12,A32,A48,902,A61,A74,4,A94,A101,4,A122,21,A143,A151,1,A173,1,A191,A201
209,A14,12,A32,A41,1413,A64,A74,3,A93,A101,2,A122,55,A143,A152,1,A173,1,A191,A202
226,A12,48,A32,A43,10961,A64,A74,1,A93,A102,2,A124,27,A141,A152,2,A173,1,A192,A201
227,A11,12,A32,A42,7865,A61,A75,4,A93,A101,4,A124,53,A143,A153,1,A174,1,A192,A201
244,A14,12,A31,A48,3447,A63,A73,4,A92,A101,3,A121,35,A143,A152,1,A172,2,A191,A201
248,A13,24,A32,A42,1925,A61,A73,2,A93,A101,2,A121,26,A143,A152,1,A173,1,A191,A201
256,A14,24,A34,A43,2684,A61,A73,4,A93,A101,2,A121,35,A143,A152,2,A172,1,A191,A201
257,A11,12,A31,A43,2149,A61,A73,4,A91,A101,1,A124,29,A143,A153,1,A173,1,A191,A201
260,A11,12,A32,A42,1657,A61,A73,2,A93,A101,2,A121,27,A143,A152,1,A173,1,A191,A201
265,A12,15,A32,A43,802,A61,A75,4,A93,A101,3,A123,37,A143,A152,1,A173,2,A191,A201
269,A14,24,A32,A43,999,A65,A75,4,A93,A101,2,A123,25,A143,A152,2,A173,1,A191,A201
273,A12,48,A32,A43,3060,A61,A74,4,A93,A101,4,A121,28,A143,A152,2,A173,1,A191,A201
275,A14,9,A32,A43,2697,A61,A73,1,A93,A101,2,A121,32,A143,A152,1,A173,2,A191,A201
277,A11,12,A32,A42,1262,A65,A75,2,A91,A101,4,A122,49,A143,A152,1,A172,1,A192,A201
280,A14,15,A34,A41,3368,A64,A75,3,A93,A101,4,A124,23,A143,A151,2,A173,1,A192,A201
286,A11,48,A32,A41,4788,A61,A74,4,A93,A101,3,A122,26,A143,A152,1,A173,2,A191,A201
288,A12,12,A32,A43,1092,A61,A73,4,A92,A103,4,A121,49,A143,A152,2,A173,1,A192,A201
291,A12,36,A32,A41,9398,A61,A72,1,A94,A101,4,A123,28,A143,A151,1,A174,1,A192,A201
292,A11,24,A34,A41,6419,A61,A75,2,A92,A101,4,A124,44,A143,A153,2,A174,2,A192,A201
296,A14,12,A32,A41,4675,A65,A72,1,A92,A101,4,A123,20,A143,A151,1,A173,1,A191,A201
305,A14,6,A32,A42,1543,A64,A73,4,A91,A101,2,A121,33,A143,A152,1,A173,1,A191,A201
307,A11,12,A32,A43,727,A62,A72,4,A94,A101,3,A124,33,A143,A152,1,A172,1,A192,A201
314,A13,4,A32,A40,1494,A65,A72,1,A93,A101,2,A121,29,A143,A152,1,A172,2,A191,A202
321,A11,24,A32,A43,1938,A61,A72,4,A91,A101,3,A122,32,A143,A152,1,A173,1,A191,A201
323,A11,18,A32,A42,2659,A64,A73,4,A93,A101,2,A123,28,A143,A152,1,A173,1,A191,A201
324,A14,18,A34,A40,1028,A61,A73,4,A92,A101,3,A121,36,A143,A152,2,A173,1,A191,A201
328,A13,36,A32,A43,4473,A61,A75,4,A93,A101,2,A123,31,A143,A152,1,A173,1,A191,A201
335,A11,6,A34,A42,3384,A61,A73,1,A91,A101,4,A121,44,A143,A151,1,A174,1,A192,A201
359,A11,30,A32,A42,2406,A61,A74,4,A92,A101,4,A121,23,A143,A151,1,A173,1,A191,A201
368,A11,36,A32,A42,3446,A61,A75,4,A93,A101,2,A123,42,A143,A152,1,A173,2,A191,A201
370,A14,36,A32,A40,3079,A65,A73,4,A93,A101,4,A121,36,A143,A152,1,A173,1,A191,A201
371,A14,18,A34,A43,6070,A61,A75,3,A93,A101,4,A123,33,A143,A152,2,A173,1,A192,A201
373,A14,60,A34,A40,13756,A65,A75,2,A93,A101,4,A124,63,A141,A153,1,A174,1,A192,A201
377,A14,7,A33,A43,846,A65,A75,3,A93,A101,4,A124,36,A143,A153,1,A173,1,A191,A201
383,A13,12,A32,A40,1330,A61,A72,4,A93,A101,1,A121,26,A143,A152,1,A173,1,A191,A201
387,A12,18,A34,A42,7374,A61,A71,4,A93,A101,4,A122,40,A142,A152,2,A174,1,A192,A201
388,A12,15,A34,A49,2326,A63,A73,2,A93,A101,4,A123,27,A141,A152,1,A173,1,A191,A201
396,A11,12,A32,A42,2578,A61,A71,3,A92,A101,4,A124,55,A143,A153,1,A174,1,A191,A201
398,A12,12,A32,A40,1223,A61,A75,1,A91,A101,1,A121,46,A143,A151,2,A173,1,A191,A201
410,A12,24,A32,A43,1967,A61,A75,4,A92,A101,4,A123,20,A143,A152,1,A173,1,A192,A201
411,A14,33,A34,A41,7253,A61,A74,3,A93,A101,2,A123,35,A143,A152,2,A174,1,A192,A201
423,A14,21,A33,A42,1591,A62,A74,4,A93,A101,3,A121,34,A143,A152,2,A174,1,A191,A201
430,A14,5,A32,A49,3448,A61,A74,1,A93,A101,4,A121,74,A143,A152,1,A172,1,A191,A201
431,A12,24,A32,A410,11328,A61,A73,2,A93,A102,3,A123,29,A141,A152,2,A174,1,A192,A201
442,A12,20,A33,A410,2629,A61,A73,2,A93,A101,3,A123,29,A141,A152,2,A173,1,A192,A201
444,A12,48,A34,A42,5096,A61,A73,2,A92,A101,3,A123,30,A143,A152,1,A174,1,A192,A201
448,A13,12,A32,A42,1424,A65,A75,3,A92,A101,4,A121,55,A143,A152,1,A174,1,A192,A201
450,A14,36,A34,A41,11054,A65,A73,4,A93,A101,2,A123,30,A143,A152,1,A174,1,A192,A201
459,A14,18,A32,A43,4594,A61,A72,3,A93,A101,2,A123,32,A143,A152,1,A173,1,A192,A201
461,A11,15,A32,A40,1721,A61,A72,2,A93,A101,3,A121,36,A143,A152,1,A173,1,A191,A201
472,A11,9,A32,A40,654,A61,A73,4,A93,A101,3,A123,28,A143,A152,1,A172,1,A191,A201
486,A14,12,A32,A43,3077,A61,A73,2,A93,A101,4,A123,52,A143,A152,1,A173,1,A192,A201
488,A14,10,A32,A40,1418,A62,A73,3,A93,A101,2,A121,35,A143,A151,1,A172,1,A191,A202
510,A11,12,A32,A40,759,A61,A74,4,A93,A101,2,A121,26,A143,A152,1,A173,1,A191,A201
512,A13,15,A32,A49,2687,A61,A74,2,A93,A101,4,A122,26,A143,A151,1,A173,1,A192,A201
515,A11,6,A34,A40,609,A61,A74,4,A92,A101,3,A122,37,A143,A152,2,A173,1,A191,A202
528,A11,36,A32,A43,2302,A61,A73,4,A91,A101,4,A123,31,A143,A151,1,A173,1,A191,A201
537,A12,18,A34,A42,3612,A61,A75,3,A92,A101,4,A122,37,A143,A152,1,A173,1,A192,A201
543,A13,18,A32,A42,2864,A61,A73,2,A93,A101,1,A121,34,A143,A152,1,A172,2,A191,A201
544,A14,12,A34,A40,1255,A61,A75,4,A93,A101,4,A121,61,A143,A152,2,A172,1,A191,A201
550,A14,12,A34,A45,996,A65,A74,4,A92,A101,4,A121,23,A143,A152,2,A173,1,A191,A201
551,A14,6,A31,A43,1750,A63,A75,2,A93,A101,4,A122,45,A141,A152,1,A172,2,A191,A201
554,A12,9,A32,A46,1199,A61,A74,4,A92,A101,4,A122,67,A143,A152,2,A174,1,A192,A201
555,A12,12,A32,A43,1331,A61,A72,2,A93,A101,1,A123,22,A142,A152,1,A173,1,A191,A201
559,A12,18,A34,A42,1928,A61,A72,2,A93,A101,2,A121,31,A143,A152,2,A172,1,A191,A201
560,A11,24,A32,A41,2964,A65,A75,4,A93,A101,4,A124,49,A141,A153,1,A173,2,A192,A201
562,A13,6,A33,A43,683,A61,A72,2,A92,A101,1,A122,29,A141,A152,1,A173,1,A191,A201
565,A12,24,A33,A43,1553,A62,A74,3,A92,A101,2,A122,23,A143,A151,2,A173,1,A192,A201
574,A12,9,A32,A43,1082,A61,A75,4,A93,A101,4,A123,27,A143,A152,2,A172,1,A191,A201
581,A12,12,A34,A40,3124,A61,A72,1,A93,A101,3,A121,49,A141,A152,2,A172,2,A191,A201
589,A11,12,A34,A42,2246,A61,A75,3,A93,A101,3,A122,60,A143,A152,2,A173,1,A191,A201
594,A11,24,A31,A410,1358,A65,A75,4,A93,A101,3,A123,40,A142,A152,1,A174,1,A192,A201
598,A14,18,A34,A40,2775,A61,A74,2,A93,A101,2,A122,31,A141,A152,2,A173,1,A191,A201
599,A14,24,A33,A49,3863,A61,A73,1,A93,A101,2,A124,32,A143,A153,1,A173,1,A191,A201
600,A12,7,A32,A43,2329,A61,A72,1,A92,A103,1,A121,45,A143,A152,1,A173,1,A191,A201
606,A14,24,A34,A49,4526,A61,A73,3,A93,A101,2,A121,74,A143,A152,1,A174,1,A192,A201
607,A12,36,A32,A43,2671,A62,A73,4,A92,A102,4,A124,50,A143,A153,1,A173,1,A191,A201
610,A11,12,A32,A44,741,A62,A71,4,A92,A101,3,A122,22,A143,A152,1,A173,1,A191,A201
611,A13,10,A32,A40,1240,A62,A75,1,A92,A101,4,A124,48,A143,A153,1,A172,2,A191,A201
617,A11,6,A34,A40,3676,A61,A73,1,A93,A101,3,A121,37,A143,A151,3,A173,2,A191,A201
621,A14,18,A34,A40,1530,A61,A73,3,A93,A101,2,A122,32,A141,A152,2,A173,1,A191,A201
629,A14,9,A32,A46,3832,A65,A75,1,A93,A101,4,A121,64,A143,A152,1,A172,1,A191,A201
633,A14,9,A32,A42,1980,A61,A72,2,A92,A102,2,A123,19,A143,A151,2,A173,1,A191,A201
637,A14,60,A33,A43,15653,A61,A74,2,A93,A101,4,A123,21,A143,A152,2,A173,1,A192,A201
639,A11,42,A33,A43,4370,A61,A74,3,A93,A101,2,A122,26,A141,A152,2,A173,2,A192,A201
659,A12,18,A34,A42,6361,A61,A75,2,A93,A101,1,A124,41,A143,A152,1,A173,1,A192,A201
660,A13,12,A32,A43,1297,A61,A73,3,A94,A101,4,A121,23,A143,A151,1,A173,1,A191,A201
675,A14,30,A34,A43,4530,A61,A74,4,A92,A101,4,A123,26,A143,A151,1,A174,1,A192,A201
677,A12,72,A32,A43,5595,A62,A73,2,A94,A101,2,A123,24,A143,A152,1,A173,1,A191,A201
684,A12,36,A33,A49,9857,A62,A74,1,A93,A101,3,A122,31,A143,A152,2,A172,2,A192,A201
690,A11,15,A34,A42,975,A61,A73,2,A91,A101,3,A122,25,A143,A152,2,A173,1,A191,A201
696,A12,12,A32,A43,1103,A61,A74,4,A93,A103,3,A121,29,A143,A152,2,A173,1,A191,A202
697,A14,12,A34,A40,926,A61,A71,1,A92,A101,2,A122,38,A143,A152,1,A171,1,A191,A201
699,A13,15,A32,A46,1905,A61,A75,4,A93,A101,4,A123,40,A143,A151,1,A174,1,A192,A201
705,A14,15,A32,A40,5324,A63,A75,1,A92,A101,4,A124,35,A143,A153,1,A173,1,A191,A201
707,A12,12,A30,A42,2969,A61,A72,4,A92,A101,3,A122,25,A143,A151,2,A173,1,A191,A201
709,A12,9,A32,A43,2118,A61,A73,2,A93,A101,2,A121,37,A143,A152,1,A172,2,A191,A201
714,A12,60,A32,A40,14027,A61,A74,4,A93,A101,2,A124,27,A143,A152,1,A174,1,A192,A201
719,A12,20,A30,A41,6148,A62,A75,3,A94,A101,4,A123,31,A141,A152,2,A173,1,A192,A201
723,A12,9,A32,A43,790,A63,A73,4,A92,A101,3,A121,66,A143,A152,1,A172,1,A191,A201
734,A14,4,A34,A40,3380,A61,A74,1,A92,A101,1,A121,37,A143,A152,1,A173,2,A191,A201
739,A12,30,A30,A49,4280,A62,A73,4,A92,A101,4,A123,26,A143,A151,2,A172,1,A191,A201
749,A14,15,A32,A41,3029,A61,A74,2,A93,A101,2,A123,33,A143,A152,1,A173,1,A191,A201
754,A14,12,A33,A45,1555,A64,A75,4,A93,A101,4,A124,55,A143,A153,2,A173,2,A191,A201
755,A11,24,A32,A40,1285,A65,A74,4,A92,A101,4,A124,32,A143,A151,1,A173,1,A191,A201
756,A13,6,A34,A40,1299,A61,A73,1,A93,A101,1,A121,74,A143,A152,3,A171,2,A191,A202
763,A14,21,A34,A40,12680,A65,A75,4,A93,A101,4,A124,30,A143,A153,1,A174,1,A192,A201
770,A11,24,A32,A41,2812,A65,A75,2,A92,A101,4,A121,26,A143,A151,1,A173,1,A191,A201
774,A13,12,A34,A40,1480,A63,A71,2,A93,A101,4,A124,66,A141,A153,3,A171,1,A191,A201
777,A11,18,A32,A43,3509,A61,A74,4,A92,A103,1,A121,25,A143,A152,1,A173,1,A191,A201
778,A14,36,A34,A41,5711,A64,A75,4,A93,A101,2,A123,38,A143,A152,2,A174,1,A192,A201
779,A12,18,A32,A45,3872,A61,A71,2,A92,A101,4,A123,67,A143,A152,1,A173,1,A192,A201
782,A12,12,A30,A48,1410,A61,A73,2,A93,A101,2,A121,31,A143,A152,1,A172,1,A192,A201
791,A14,24,A32,A41,6313,A65,A75,3,A93,A101,4,A123,41,A143,A152,1,A174,2,A192,A201
797,A14,12,A34,A42,1258,A61,A72,2,A92,A101,4,A122,22,A143,A151,2,A172,1,A191,A201
802,A11,20,A34,A42,4272,A61,A75,1,A92,A101,4,A122,24,A143,A152,2,A173,1,A191,A201
804,A12,12,A32,A40,7472,A65,A71,1,A92,A101,2,A121,24,A143,A151,1,A171,1,A191,A201
806,A12,6,A32,A43,590,A61,A72,3,A94,A101,3,A121,26,A143,A152,1,A172,1,A191,A202
816,A14,6,A32,A44,1338,A63,A73,1,A91,A101,4,A121,62,A143,A152,1,A173,1,A191,A201
835,A11,12,A30,A40,1082,A61,A73,4,A93,A101,4,A123,48,A141,A152,2,A173,1,A191,A201
841,A14,21,A33,A41,2993,A61,A73,3,A93,A101,2,A121,28,A142,A152,2,A172,1,A191,A201
845,A12,21,A32,A42,3976,A65,A74,2,A93,A101,3,A123,35,A143,A152,1,A173,1,A192,A201
846,A14,18,A32,A40,6761,A65,A73,2,A93,A101,4,A123,68,A143,A151,2,A173,1,A191,A201
847,A14,24,A32,A40,1249,A61,A72,4,A94,A101,2,A121,28,A143,A152,1,A173,1,A191,A201
849,A11,12,A32,A43,709,A61,A75,4,A93,A101,4,A121,57,A142,A152,1,A172,1,A191,A201
850,A11,20,A34,A40,2235,A61,A73,4,A94,A103,2,A122,33,A141,A151,2,A173,1,A191,A202
853,A11,18,A31,A40,1442,A61,A74,4,A93,A101,4,A124,32,A143,A153,2,A172,2,A191,A201
861,A14,18,A33,A49,2169,A61,A73,4,A94,A101,2,A123,28,A143,A152,1,A173,1,A192,A201
868,A14,36,A32,A49,7409,A65,A75,3,A93,A101,2,A122,37,A143,A152,2,A173,1,A191,A201
869,A11,12,A32,A42,652,A61,A75,4,A92,A101,4,A122,24,A143,A151,1,A173,1,A191,A201
870,A14,36,A33,A42,7678,A63,A74,2,A92,A101,4,A123,40,A143,A152,2,A173,1,A192,A201
872,A11,24,A34,A49,1382,A62,A74,4,A93,A101,1,A121,26,A143,A152,2,A173,1,A192,A201
882,A12,30,A34,A40,2181,A65,A75,4,A93,A101,4,A121,36,A143,A152,2,A173,1,A191,A201
888,A14,36,A34,A40,6614,A61,A75,4,A93,A101,4,A123,34,A143,A152,2,A174,1,A192,A201
896,A11,21,A32,A43,2606,A61,A72,4,A92,A101,4,A122,28,A143,A151,1,A174,1,A192,A201
897,A14,12,A34,A42,1592,A64,A74,3,A92,A101,2,A122,35,A143,A152,1,A173,1,A191,A202
901,A14,20,A34,A40,3485,A65,A72,2,A91,A101,4,A121,44,A143,A152,2,A173,1,A192,A201
910,A14,36,A33,A43,4454,A61,A73,4,A92,A101,4,A121,34,A143,A152,2,A173,1,A191,A201
916,A14,10,A32,A41,2848,A62,A73,1,A93,A102,2,A121,32,A143,A152,1,A173,2,A191,A201
930,A11,24,A32,A42,1747,A61,A72,4,A93,A102,1,A122,24,A143,A152,1,A172,1,A191,A202
932,A14,9,A34,A40,1224,A61,A73,3,A93,A101,1,A121,30,A143,A152,2,A173,1,A191,A201
935,A12,30,A33,A43,1919,A62,A72,4,A93,A101,3,A124,30,A142,A152,2,A174,1,A191,A201
936,A13,9,A32,A43,745,A61,A73,3,A92,A101,2,A121,28,A143,A152,1,A172,1,A191,A201
943,A14,4,A34,A40,1455,A61,A74,2,A93,A101,1,A121,42,A143,A152,3,A172,2,A191,A201
947,A14,12,A32,A40,2859,A65,A71,4,A93,A101,4,A124,38,A143,A152,1,A174,1,A192,A201
949,A14,24,A32,A43,3621,A62,A75,2,A93,A101,4,A123,31,A143,A152,2,A173,1,A191,A201
961,A12,21,A33,A40,2353,A61,A73,1,A91,A101,4,A122,47,A143,A152,2,A173,1,A191,A201
962,A14,15,A32,A40,3556,A65,A73,3,A93,A101,2,A124,29,A143,A152,1,A173,1,A191,A201
966,A12,27,A34,A43,2520,A63,A73,4,A93,A101,2,A122,23,A143,A152,2,A172,1,A191,A201
976,A12,6,A32,A43,753,A61,A73,2,A92,A103,3,A121,64,A143,A152,1,A173,1,A191,A201
980,A12,30,A34,A42,8386,A61,A74,2,A93,A101,2,A122,49,A143,A152,1,A173,1,A191,A201
983,A11,36,A32,A41,8229,A61,A73,2,A93,A101,2,A122,26,A143,A152,1,A173,2,A191,A201
